brand_name,year,month,units,gms
PLATINA,2026,4,34,2376044.00000000000000
PLATINA,2026,2,57,3706625.98000000000000
PLATINA,2024,10,147,10201193.84000000000000
PLATINA,2026,1,46,3069386.10000000000000
PLATINA,2025,1,43,2984111.20000000000000
PLATINA,2025,2,16,1114885.20000000000000
PLATINA,2024,7,4,277414.40000000000000
PLATINA,2025,7,42,3041419.00000000000000
PLATINA,2024,12,6,422908.40000000000000
PLATINA,2025,3,16,1112383.20000000000000
OBEN ELECTRIC,2025,7,5,572715.37000000000000
OBEN ELECTRIC,2025,12,40,5479960.00000000000000
OBEN ELECTRIC,2025,10,117,14461758.14000000000000
OBEN ELECTRIC,2025,11,4,559996.00000000000000
OBEN ELECTRIC,2025,8,18,2063556.76000000000000
OBEN ELECTRIC,2026,1,50,6789950.00000000000000
OBEN ELECTRIC,2026,3,141,17954859.00000000000000
OBEN ELECTRIC,2026,4,43,5469957.00000000000000
OBEN ELECTRIC,2025,9,63,7314364.30000000000000
OBEN ELECTRIC,2026,2,16,1974984.00000000000000
PLATINA,2025,10,451,30235740.36000000000000
PLATINA,2025,9,275,18458081.38000000000000
PLATINA,2025,8,64,4675958.40000000000000
PLATINA,2025,5,16,1219109.40000000000000
PLATINA,2024,9,24,1692358.40000000000000
PLATINA,2024,8,24,1695436.80000000000000
PLATINA,2025,4,14,994923.00000000000000
PLATINA,2025,6,44,3110132.40000000000000
PLATINA,2025,11,30,2020500.44000000000000
PLATINA,2025,12,39,2650816.10000000000000
PLATINA,2026,3,98,6517638.96000000000000
PLATINA,2024,11,7,492064.00000000000000
SIMPLE ENERGY,2026,1,2,332379.10000000000000
TRIUMPH,2025,9,536,133450324.98000000000000
HERO MOTOCORP,2026,3,1168,92505834.03000000000000
HARLEY-DAVIDSON X,2026,1,30,7618800.00000000000000
HARLEY-DAVIDSON X,2025,9,94,25753000.00000000000000
HARLEY-DAVIDSON X,2025,8,44,12158000.00000000000000
EOX,2025,9,129,5754678.82000000000000
EOX,2026,1,59,2729750.77000000000000
EOX,2025,1,100,4609079.80000000000000
EOX,2026,3,67,3205555.85000000000000
EOX,2025,3,57,2499899.63000000000000
EOX,2025,4,16,644092.75000000000000
SIMPLE ENERGY,2026,4,22,3675335.27000000000000
SIMPLE ENERGY,2025,11,16,2305233.04000000000000
SIMPLE ENERGY,2025,7,34,5135174.24000000000000
SIMPLE ENERGY,2026,3,105,17569867.92000000000000
SIMPLE ENERGY,2025,12,2,234719.76000000000000
SIMPLE ENERGY,2025,9,64,9811959.84000000000000
SIMPLE ENERGY,2025,8,15,2315125.68000000000000
SIMPLE ENERGY,2025,10,151,22055496.00000000000000
SIMPLE ENERGY,2026,2,10,1706609.50000000000000
TRIUMPH,2026,3,441,106410423.80000000000000
TRIUMPH,2025,8,304,73815881.48000000000000
TRIUMPH,2025,12,261,60730293.56000000000000
TRIUMPH,2026,4,72,17370887.80000000000000
TRIUMPH,2025,7,225,54577559.00000000000000
TRIUMPH,2025,10,315,73126639.30000000000000
TRIUMPH,2025,6,101,24258613.00000000000000
TRIUMPH,2025,5,167,41342837.00000000000000
TRIUMPH,2026,1,250,60213063.40000000000000
TRIUMPH,2026,2,294,70854783.94000000000000
TRIUMPH,2025,11,187,43693836.44000000000000
ATHER,2025,10,2113,285106659.35000000000000
ATHER,2026,2,224,32537816.00000000000000
AVENGER,2025,9,138,16045004.28000000000000
AVENGER,2024,12,10,1220006.40000000000000
AVENGER,2025,11,24,2869522.80000000000000
AVENGER,2025,4,10,1245836.40000000000000
AVENGER,2025,5,12,1474860.32000000000000
HERO MOTOCORP,2025,11,596,50786261.26000000000000
HERO MOTOCORP,2026,1,1395,110446608.96000000000000
HERO MOTOCORP,2025,5,503,43451973.26000000000000
HERO MOTOCORP,2025,7,668,57615189.04000000000000
HERO MOTOCORP,2025,1,673,52868584.00000000000000
HERO MOTOCORP,2024,12,368,29146279.00000000000000
HERO MOTOCORP,2024,9,654,60989302.00000000000000
HARLEY-DAVIDSON X,2026,3,77,20707700.00000000000000
HARLEY-DAVIDSON X,2025,12,22,5433000.00000000000000
HARLEY-DAVIDSON X,2026,2,22,5841800.00000000000000
HERO MOTOCORP,2024,10,3862,342703356.23000000000000
HERO MOTOCORP,2025,12,870,71577293.46000000000000
HERO MOTOCORP,2025,3,623,54461887.66000000000000
HERO MOTOCORP,2025,9,3933,313831709.76000000000000
HERO MOTOCORP,2025,6,277,24437826.00000000000000
HERO MOTOCORP,2024,7,16,1451539.00000000000000
HARLEY-DAVIDSON X,2025,10,101,27689500.00000000000000
HARLEY-DAVIDSON X,2025,11,13,3553500.00000000000000
HERO MOTOCORP,2025,8,867,75112847.88000000000000
HERO MOTOCORP,2025,10,4777,377446839.35000000000000
HERO MOTOCORP,2024,8,218,19861959.00000000000000
HERO MOTOCORP,2026,2,457,35173437.77000000000000
HERO MOTOCORP,2025,2,299,24997168.00000000000000
HERO MOTOCORP,2026,4,348,28609221.32000000000000
HERO MOTOCORP,2025,4,358,31967209.72000000000000
HERO MOTOCORP,2024,11,411,36171869.92000000000000
HARLEY-DAVIDSON X,2025,7,18,4951000.00000000000000
HARLEY-DAVIDSON X,2026,4,55,14800100.00000000000000
ROYAL ENFIELD,2026,1,55,10110497.00000000000000
ROYAL ENFIELD,2026,2,75,13774246.00000000000000
KTM,2026,2,147,38547243.92000000000000
EOX,2024,7,34,1925683.39000000000000
EOX,2024,11,91,4102505.09000000000000
EOX,2025,7,102,4726551.84000000000000
EOX,2025,2,39,2021256.63000000000000
EOX,2025,5,81,3692278.23000000000000
EOX,2024,12,15,817597.12000000000000
EOX,2024,9,24,1316137.18000000000000
EOX,2025,11,59,3063644.69000000000000
EOX,2026,4,49,2540607.56000000000000
EOX,2024,5,6,347350.43000000000000
EOX,2025,6,116,5298007.57000000000000
EOX,2025,10,153,6962246.19000000000000
EOX,2024,10,134,6022808.92000000000000
EOX,2025,12,36,1687830.80000000000000
EOX,2026,2,27,1322180.40000000000000
EOX,2025,8,63,3301902.98000000000000
EOX,2024,8,19,1127839.06000000000000
EOX,2024,6,6,380925.99000000000000
ATHER,2026,1,278,40220993.00000000000000
ATHER,2025,8,147,19837548.28000000000000
ATHER,2025,9,1398,189792476.06000000000000
ATHER,2025,11,412,56958440.48000000000000
ATHER,2026,3,749,112189562.00000000000000
ATHER,2026,4,173,25385670.00000000000000
ATHER,2025,7,104,13784225.00000000000000
ATHER,2025,12,416,57612227.00000000000000
AMPERE,2025,4,124,10150624.00000000000000
AMPERE,2024,7,1,59900.00000000000000
KTM,2025,8,280,78891980.66000000000000
KTM,2025,10,258,64924588.20000000000000
KTM,2025,6,35,9726337.00000000000000
KTM,2026,3,180,47409069.00000000000000
KTM,2025,7,153,42612970.66000000000000
KTM,2025,12,93,23914227.08000000000000
KTM,2026,4,78,21251854.00000000000000
KTM,2025,9,449,126993741.30000000000000
KTM,2025,11,81,20290102.08000000000000
KTM,2026,1,147,38419034.40000000000000
KTM,2025,5,8,2454918.00000000000000
AVENGER,2025,8,45,5940227.40000000000000
AVENGER,2025,1,13,1642847.38000000000000
AVENGER,2026,2,39,4695228.00000000000000
AVENGER,2024,11,17,2043662.66000000000000
AVENGER,2024,10,119,14792252.36000000000000
AVENGER,2025,7,43,5302585.60000000000000
AVENGER,2025,3,15,1845140.64000000000000
AVENGER,2025,2,11,1340488.84000000000000
AVENGER,2025,10,139,16152684.04000000000000
AVENGER,2026,3,41,5083345.00000000000000
AVENGER,2026,1,56,6603592.00000000000000
AVENGER,2026,4,28,3552873.00000000000000
AVENGER,2024,8,10,1340433.20000000000000
AVENGER,2024,9,25,3061876.36000000000000
AVENGER,2025,6,31,3890016.40000000000000
AVENGER,2025,12,22,2548357.00000000000000
ROYAL ENFIELD,2026,3,85,16001653.00000000000000
ROYAL ENFIELD,2026,4,69,12918796.00000000000000
ROYAL ENFIELD,2025,11,64,12038832.40000000000000
ROYAL ENFIELD,2025,12,67,12082615.00000000000000
ROYAL ENFIELD,2025,10,73,13383889.00000000000000
CHETAK,2024,11,466,45896077.00000000000000
CHETAK,2024,10,2815,292203990.00000000000000
CHETAK,2026,1,910,104709266.00000000000000
CHETAK,2025,12,525,61884792.00000000000000
CHETAK,2025,3,941,100363292.00000000000000
CHETAK,2026,3,1868,195895977.00000000000000
CHETAK,2026,4,888,96091429.00000000000000
CHETAK,2025,1,1325,142128618.00000000000000
CHETAK,2025,9,835,102925485.16000000000000
CHETAK,2024,8,1229,126699497.00000000000000
CHETAK,2024,5,442,53092106.00000000000000
CHETAK,2024,6,197,22491687.00000000000000
CHETAK,2025,10,1881,222804753.24000000000000
CHETAK,2025,4,487,57432905.00000000000000
CHETAK,2024,7,1378,141360047.00000000000000
VIDA,2024,5,391,51483800.00000000000000
VIDA,2024,9,37,4766290.00000000000000
VIDA,2025,1,36,4355100.00000000000000
VIDA,2025,2,43,5169000.00000000000000
VIDA,2025,4,41,4810500.00000000000000
AMPERE,2025,1,19,1301689.00000000000000
AMPERE,2026,2,108,9103215.28000000000000
AMPERE,2025,3,93,7508641.00000000000000
AMPERE,2025,9,233,19149688.00000000000000
AMPERE,2025,11,10,1053506.33000000000000
AMPERE,2026,4,346,31577304.05000000000000
AMPERE,2025,8,119,10539294.00000000000000
AMPERE,2025,12,196,16885653.55000000000000
AMPERE,2026,3,570,49958645.45000000000000
AMPERE,2025,6,82,6910148.00000000000000
AMPERE,2024,5,6,359400.00000000000000
AMPERE,2024,9,2,144800.00000000000000
AMPERE,2026,1,393,33210507.53000000000000
AMPERE,2025,10,807,66965685.00000000000000
AMPERE,2024,10,9,701600.00000000000000
AMPERE,2025,2,21,1616088.00000000000000
AMPERE,2025,5,139,11087396.00000000000000
AMPERE,2025,7,176,15665753.00000000000000
AMPERE,2024,12,9,614595.00000000000000
AMPERE,2024,11,6,399400.00000000000000
AMPERE,2024,6,6,394400.00000000000000
BAJAJ,2025,3,47,4703003.60000000000000
GREEN,2025,3,200,6165624.04000000000000
GREEN,2025,6,157,4667969.86000000000000
GREEN,2024,8,247,6695310.82000000000000
GREEN,2025,5,403,11177987.19000000000000
GREEN,2024,10,700,19040223.77000000000000
GREEN,2024,6,19,481410.42000000000000
GREEN,2026,4,45,1523762.99000000000000
BAJAJ,2026,4,15,1534857.00000000000000
BAJAJ,2025,11,8,729202.80000000000000
BAJAJ,2025,12,3,274502.00000000000000
CHETAK,2025,11,330,39341122.00000000000000
CHETAK,2025,2,435,49388168.00000000000000
CHETAK,2025,6,327,41751510.00000000000000
CHETAK,2025,7,657,71271829.00000000000000
CHETAK,2025,8,33,3430324.00000000000000
CHETAK,2025,5,537,68996006.00000000000000
CHETAK,2026,2,685,78152316.90000000000000
CHETAK,2024,9,1239,126003238.00000000000000
CHETAK,2024,12,247,23785711.00000000000000
VIDA,2024,10,591,77476914.92000000000000
VIDA,2024,8,163,21673700.00000000000000
VIDA,2025,7,241,28698135.72000000000000
VIDA,2025,5,247,29622496.00000000000000
VIDA,2025,10,128,15260100.00000000000000
VIDA,2025,11,-3,-321000.00000000000000
VIDA,2025,6,203,24256900.00000000000000
VIDA,2024,6,363,48323600.00000000000000
VIDA,2024,7,119,16008100.00000000000000
VIDA,2024,11,14,1732890.48000000000000
VIDA,2025,9,131,15382400.00000000000000
VIDA,2025,8,85,10262800.00000000000000
VIDA,2025,3,428,48886476.18000000000000
VIDA,2026,4,71,7977310.00000000000000
VIDA,2026,3,33,3746420.00000000000000
GREEN,2025,4,178,5439777.63000000000000
BAJAJ,2025,5,41,4221427.20000000000000
BAJAJ,2025,8,94,9746265.80000000000000
GREEN,2025,10,390,9186957.94000000000000
GREEN,2025,11,81,2914703.89000000000000
BAJAJ,2026,2,15,1495241.24000000000000
BAJAJ,2026,3,11,1185204.00000000000000
GREEN,2024,7,317,8152745.02000000000000
GREEN,2025,12,103,3232287.16000000000000
GREEN,2024,12,-490,-11320309.63000000000000
BAJAJ,2025,7,102,10400346.80000000000000
GREEN,2024,9,244,7361293.86000000000000
GREEN,2026,3,25,720787.80000000000000
BAJAJ,2025,1,81,8199657.30000000000000
BAJAJ,2025,9,14,1473717.20000000000000
GREEN,2026,2,70,2121269.47000000000000
BAJAJ,2025,2,50,4896673.96000000000000
BAJAJ,2025,10,34,3140358.00000000000000
GREEN,2025,2,127,4076068.82000000000000
BAJAJ,2025,6,89,8966232.80000000000000
BAJAJ,2024,12,54,5488781.80000000000000
BAJAJ,2026,1,27,2779811.00000000000000
BAJAJ,2025,4,26,2450379.56000000000000
BAJAJ,2024,11,19,1949960.20000000000000
GREEN,2025,7,388,10507994.31000000000000
GREEN,2025,8,281,7279740.69000000000000
GREEN,2024,11,752,17208129.07000000000000
GREEN,2025,9,275,6862518.03000000000000
GREEN,2025,1,667,15541064.01000000000000
GREEN,2024,5,111,2928333.38000000000000
GREEN,2026,1,81,2486871.71000000000000
BAJAJ,2024,10,1,109997.00000000000000
AMO,2025,7,11,875635.26000000000000
AMO,2025,3,19,1354304.77000000000000
AMO,2025,1,6,339264.76000000000000
AMO,2026,4,7,268548.66000000000000
AMO,2024,9,18,1129784.68000000000000
AMO,2024,8,19,1103625.75000000000000
BAJAJ CT,2025,5,3,215142.40000000000000
BAJAJ CT,2024,7,4,281536.00000000000000
PULSAR,2025,10,2626,272774852.96000000000000
PULSAR,2025,9,2139,216244739.88000000000000
PULSAR,2025,8,536,62842008.55000000000000
PULSAR,2025,5,237,27041977.80000000000000
PULSAR,2025,1,176,20354208.81000000000000
OLA,2025,7,47,5999654.00000000000000
OLA,2025,4,-2,-234998.00000000000000
PULSAR,2025,12,199,22178971.34000000000000
PULSAR,2024,7,26,2598652.80000000000000
OLA,2025,9,-8,-939492.00000000000000
OLA,2025,6,3,356997.00000000000000
AMO,2025,2,7,523560.01000000000000
AMO,2024,10,73,2685962.57000000000000
BAJAJ CT,2024,9,19,1328856.20000000000000
BAJAJ CT,2025,2,4,281152.00000000000000
BAJAJ CT,2025,11,13,875301.80000000000000
BAJAJ CT,2025,3,11,775080.40000000000000
BAJAJ CT,2025,7,17,1231648.40000000000000
BAJAJ CT,2026,1,22,1473455.60000000000000
BAJAJ CT,2025,12,22,1482693.20000000000000
AMO,2025,8,10,747447.62000000000000
AMO,2025,9,84,3471172.22000000000000
AMO,2025,5,14,1013467.62000000000000
AMO,2024,11,2,106701.89000000000000
BAJAJ CT,2025,6,12,867488.00000000000000
BAJAJ CT,2024,10,55,3876451.00000000000000
BAJAJ CT,2025,10,87,5871292.00000000000000
AMO,2025,10,192,8234051.74000000000000
BAJAJ CT,2024,11,4,280889.60000000000000
AMO,2024,12,0,24144.76000000000000
AMO,2025,4,14,1006155.25000000000000
BAJAJ CT,2025,8,12,871495.80000000000000
BAJAJ CT,2024,8,10,704921.60000000000000
AMO,2026,1,24,961467.70000000000000
AMO,2025,11,16,864042.03000000000000
AMO,2026,3,44,1987943.54000000000000
AMO,2025,12,13,606147.16000000000000
AMO,2026,2,18,742366.02000000000000
BAJAJ CT,2025,9,81,5448533.52000000000000
BAJAJ CT,2025,4,10,704896.00000000000000
BAJAJ CT,2026,4,2,141388.00000000000000
BAJAJ CT,2026,2,13,884519.00000000000000
BAJAJ CT,2026,3,16,1097225.00000000000000
BAJAJ CT,2025,1,7,490131.20000000000000
BAJAJ CT,2024,12,1,70419.20000000000000
AMO,2025,6,9,668178.09000000000000
PULSAR,2026,1,508,53895313.25000000000000
PULSAR,2026,2,250,29604114.73000000000000
PULSAR,2025,3,146,16422963.00000000000000
PULSAR,2025,4,116,12352163.56000000000000
PULSAR,2024,8,95,10036876.60000000000000
PULSAR,2025,2,108,11549930.35000000000000
OLA,2024,9,74,9011926.00000000000000
PULSAR,2024,10,1553,172350886.90000000000000
PULSAR,2025,11,147,16708166.73000000000000
PULSAR,2026,4,295,34134636.20000000000000
PULSAR,2024,9,293,32368997.40000000000000
PULSAR,2025,6,387,43279136.60000000000000
OLA,2025,3,-3,-479997.00000000000000
OLA,2024,11,147,18006353.00000000000000
OLA,2025,1,31,3899969.00000000000000
OLA,2025,5,-2,-214998.00000000000000
PULSAR,2026,3,369,42884673.42000000000000
PULSAR,2025,7,530,62070421.50000000000000
OLA,2025,8,13,1533188.00000000000000
OLA,2024,10,775,94502225.00000000000000
PULSAR,2024,11,156,18681431.71000000000000
PULSAR,2024,12,95,11931358.95000000000000
OLA,2025,2,3,262497.00000000000000
OLA,2024,12,6,731994.00000000000000
OLA,2025,10,-2,-376400.00000000000000
